user_name,listened_date,number_of_listens
AscendedGravity,2019-02-26,77
AscendedGravity,2019-04-09,61
AscendedGravity,2019-04-05,55
Boris_Neo,2019-01-23,57
Boris_Neo,2019-01-24,38
Boris_Neo,2019-01-25,27
Kluuz,2019-02-21,32
Kluuz,2019-02-17,25
Kluuz,2019-02-18,19
Roy Page Join Damage,2019-02-24,39
Roy Page Join Damage,2019-03-03,38
Roy Page Join Damage,2019-03-05,30
arcadian99,2019-02-22,13
arcadian99,2019-02-21,4
cirfis,2019-01-13,46
cirfis,2019-03-12,22
cirfis,2019-02-27,10
kingjan1999,2019-04-14,39
kingjan1999,2019-04-05,35
kingjan1999,2019-03-24,14
kmontenegro,2019-01-11,230
kmontenegro,2019-01-24,221
kmontenegro,2019-04-07,132
linkmath,2019-03-04,38
linkmath,2019-03-09,15
linkmath,2019-02-17,13
maeve1916,2019-01-24,115
maeve1916,2019-02-21,88
maeve1916,2019-03-04,84
TRFFT,2019-03-10,104
TRFFT,2019-03-24,25
TRFFT,2019-03-27,8
shogazefan,2019-02-27,46
shogazefan,2019-02-28,23
shogazefan,2019-02-26,16
thewabbit1,2019-04-02,63
thewabbit1,2019-03-03,58
thewabbit1,2019-04-01,55
Devvy,2019-02-21,302
Devvy,2019-02-26,68
Devvy,2019-03-01,64
IICUX,2019-03-14,70
IICUX,2019-02-11,35
IICUX,2019-03-27,35
InvincibleAsia,2019-02-18,148
InvincibleAsia,2019-04-04,139
InvincibleAsia,2019-01-11,137
Kurogal,2019-03-05,68
Kurogal,2019-03-23,36
Kurogal,2019-02-01,31
RScholar,2019-03-22,167
RScholar,2019-03-27,129
RScholar,2019-02-27,103
unexpected,2019-03-04,4
unexpected,2019-03-08,1
unexpected,2019-02-27,1
zergut,2019-01-02,120
zergut,2019-02-26,59
zergut,2019-03-05,42
LordCatzorz,2019-02-07,23
LordCatzorz,2019-02-24,22
LordCatzorz,2019-04-14,20
Reisen Udongein Inaba,2019-02-16,148
Reisen Udongein Inaba,2019-02-03,102
Reisen Udongein Inaba,2019-01-06,97
c1ph4,2019-02-18,66
c1ph4,2019-01-30,64
c1ph4,2019-01-15,58
hamakedarayanai,2019-01-01,2
hamakedarayanai,2019-01-07,1
intrnl,2019-03-07,38
intrnl,2019-01-06,30
intrnl,2019-02-03,29
joshuatly,2019-01-09,67
joshuatly,2019-01-11,55
joshuatly,2019-02-01,54
stupidname,2019-01-14,60
stupidname,2019-01-15,59
stupidname,2019-02-09,40
DivineNightmare,2019-02-25,2
DivineNightmare,2019-02-24,1
augustohp,2019-01-04,22
augustohp,2019-01-03,7
augustohp,2019-01-13,5
deromemont,2019-04-02,81
deromemont,2019-03-27,61
deromemont,2019-03-19,56
fourk,2019-02-02,32
fourk,2019-04-04,32
fourk,2019-03-29,26
lemarac,2019-01-11,65
lemarac,2019-03-20,54
lemarac,2019-01-14,49
pyromaniac,2019-01-10,156
pyromaniac,2019-01-07,140
pyromaniac,2019-03-06,127
anderson9339,2019-03-11,127
anderson9339,2019-01-29,121
anderson9339,2019-03-29,106
rmarais,2019-03-09,100
rmarais,2019-03-04,87
rmarais,2019-03-01,72
Silent Singer,2019-04-03,199
Silent Singer,2019-03-11,195
Silent Singer,2019-02-25,194
AlwinHummels,2019-02-24,1
BlackGauna,2019-01-24,50
BlackGauna,2019-01-19,29
BlackGauna,2019-01-18,26
RomaKoks,2019-01-03,178
RomaKoks,2019-01-12,164
RomaKoks,2019-01-13,147
andrew_j_w,2019-01-26,110
andrew_j_w,2019-02-09,108
andrew_j_w,2019-03-02,107
bdule2015,2019-02-27,22
bdule2015,2019-03-06,17
bdule2015,2019-03-04,16
cimualte,2019-03-08,230
cimualte,2019-04-06,190
cimualte,2019-03-11,190
craighoog,2019-03-15,89
craighoog,2019-03-27,80
craighoog,2019-03-28,75
dertasiu,2019-02-09,86
dertasiu,2019-02-11,66
dertasiu,2019-02-25,63
kori,2019-01-07,113
kori,2019-01-30,43
kori,2019-02-01,28
lcnaud,2019-01-24,130
lcnaud,2019-02-14,118
lcnaud,2019-02-02,112
martik,2019-03-08,53
martik,2019-02-13,38
martik,2019-02-11,36
whatisbetter,2019-02-01,58
whatisbetter,2019-01-21,54
whatisbetter,2019-01-22,46
xokoyotzin,2019-01-01,92
xokoyotzin,2019-01-08,79
xokoyotzin,2019-01-10,72
xvicarious,2019-01-30,110
xvicarious,2019-01-01,83
xvicarious,2019-02-07,80
shaneknysh,2019-01-11,11
supadood,2019-03-02,72
supadood,2019-02-28,59
supadood,2019-03-01,59
Wolfynight,2019-01-18,111
Wolfynight,2019-01-17,61
Wolfynight,2019-01-16,51
YOGURTBASTARD,2019-01-16,63
YOGURTBASTARD,2019-01-22,55
YOGURTBASTARD,2019-01-20,46
adamstewiegreen,2019-03-17,60
adamstewiegreen,2019-04-05,24
adamstewiegreen,2019-04-02,19
dwsupport,2019-02-16,56
dwsupport,2019-04-08,41
dwsupport,2019-04-09,36
elwillow,2019-04-03,71
elwillow,2019-02-24,57
elwillow,2019-03-15,23
gwmaclean,2019-03-27,24
gwmaclean,2019-03-24,22
gwmaclean,2019-04-01,17
iknowzo,2019-03-17,13
iknowzo,2019-03-23,7
iknowzo,2019-03-04,5
malsvent,2019-04-09,83
malsvent,2019-02-26,73
malsvent,2019-04-06,67
kemuel,2019-03-25,20
kemuel,2019-03-31,19
psyflac,2019-01-15,84
psyflac,2019-03-24,75
psyflac,2019-03-01,65
soubrunoalmeida,2019-01-21,166
soubrunoalmeida,2019-01-22,160
soubrunoalmeida,2019-01-23,156
Julk77,2019-04-13,96
Julk77,2019-04-14,88
Julk77,2019-03-17,41
PersonalServices,2019-03-17,239
PersonalServices,2019-02-21,141
PersonalServices,2019-04-14,73
Shikv,2019-02-26,55
Shikv,2019-02-22,43
Shikv,2019-02-23,38
alsk,2019-01-17,148
alsk,2019-01-13,122
alsk,2019-01-12,120
calexzander,2019-02-27,4
doronbehar,2019-02-20,19
doronbehar,2019-01-16,16
doronbehar,2019-01-19,9
flamingspinach,2019-04-12,131
flamingspinach,2019-04-03,39
flamingspinach,2019-02-22,35
haeckle,2019-01-10,58
haeckle,2019-03-13,42
haeckle,2019-03-01,34
hangy,2019-01-02,101
hangy,2019-01-17,93
hangy,2019-01-14,79
hellonurse,2019-03-20,1
hellonurse,2019-02-23,1
hellonurse,2019-02-28,1
irnchkn,2019-01-06,60
Bound2Fate,2019-01-19,118
Bound2Fate,2019-01-02,110
Bound2Fate,2019-01-03,105
N1CK3Y,2019-02-16,186
N1CK3Y,2019-01-06,140
N1CK3Y,2019-02-02,140
SadGen,2019-03-01,158
SadGen,2019-04-12,58
SadGen,2019-02-25,57
lee_cz,2019-01-03,136
lee_cz,2019-02-01,123
lee_cz,2019-01-26,106
m0rth0n,2019-04-12,1
mankymusic,2019-01-23,114
mankymusic,2019-01-16,113
mankymusic,2019-03-21,112
meisterhauns,2019-03-25,73
meisterhauns,2019-03-28,68
meisterhauns,2019-03-27,66
miketwiss,2019-03-05,13
miketwiss,2019-03-07,13
miketwiss,2019-03-03,13
milk,2019-02-07,98
milk,2019-02-09,50
milk,2019-01-21,48
reverbel,2019-04-13,175
reverbel,2019-02-09,169
reverbel,2019-02-18,161
yellams,2019-02-15,165
yellams,2019-02-07,163
yellams,2019-02-08,160
Grawl,2019-04-01,149
Grawl,2019-04-07,144
Grawl,2019-04-02,137
6d6f7274686f6e,2019-01-27,204
6d6f7274686f6e,2019-01-14,198
6d6f7274686f6e,2019-03-15,196
bojarin3,2019-02-27,40
bojarin3,2019-03-03,29
bojarin3,2019-03-02,25
budkin,2019-03-07,129
budkin,2019-04-02,126
budkin,2019-02-06,120
clinford86,2019-02-07,173
clinford86,2019-01-31,154
clinford86,2019-01-21,89
inhji,2019-03-09,236
inhji,2019-02-05,185
inhji,2019-03-14,175
jelera,2019-02-05,62
jelera,2019-01-02,58
jelera,2019-01-27,48
jin_tsu,2019-01-12,48
jin_tsu,2019-03-16,43
jin_tsu,2019-02-09,39
tehpoison,2019-03-04,11
tehpoison,2019-02-27,9
tehpoison,2019-03-03,8
thing-fish,2019-02-07,105
thing-fish,2019-02-01,103
thing-fish,2019-03-05,91
PeterK52,2019-02-16,180
PeterK52,2019-01-03,178
PeterK52,2019-01-18,165
WilhelmStroker,2019-01-18,107
WilhelmStroker,2019-02-11,104
WilhelmStroker,2019-01-15,83
longas,2019-02-12,69
longas,2019-02-11,33
longas,2019-01-22,12
lunt,2019-01-04,117
lunt,2019-01-15,107
lunt,2019-02-19,90
no31531,2019-02-15,205
no31531,2019-01-11,128
no31531,2019-01-18,125
WaldemarXXIII,2019-02-15,56
WaldemarXXIII,2019-03-14,46
WaldemarXXIII,2019-01-21,38
Xythium,2019-03-31,6
Zastai,2019-02-12,118
Zastai,2019-03-07,109
Zastai,2019-02-15,108
marcianofonseca,2019-03-29,62
marcianofonseca,2019-04-02,46
marcianofonseca,2019-04-01,43
mnmontero,2019-03-01,30
mnmontero,2019-02-27,15
mnmontero,2019-03-29,4
Dreamkeeper,2019-02-26,53
Dreamkeeper,2019-03-14,42
Dreamkeeper,2019-03-19,30
beefkidney,2019-01-22,56
beefkidney,2019-03-05,53
beefkidney,2019-02-19,52
rweb,2019-01-30,88
rweb,2019-02-02,66
rweb,2019-03-16,55
irnchkn,2019-02-13,46
irnchkn,2019-01-13,38
jck2,2019-01-08,119
jck2,2019-01-15,116
jck2,2019-01-10,90
lostmochiguman,2019-02-20,119
lostmochiguman,2019-01-25,118
lostmochiguman,2019-02-22,100
lunu,2019-02-25,35
lunu,2019-02-28,14
lunu,2019-02-20,10
nsarakas,2019-04-11,43
nsarakas,2019-04-14,32
nsarakas,2019-02-18,29
meashishsaini,2019-02-23,64
meashishsaini,2019-03-01,59
meashishsaini,2019-02-18,42
satanshunger,2019-01-20,77
satanshunger,2019-01-25,76
satanshunger,2019-01-19,75
zebedeemcdougal,2019-02-22,82
zebedeemcdougal,2019-02-02,81
zebedeemcdougal,2019-01-11,80
rmcknt,2019-02-16,49
rmcknt,2019-02-15,36
rmcknt,2019-02-18,33
shaneknysh,2019-01-18,14
shaneknysh,2019-01-23,14
toastal,2019-01-31,47
toastal,2019-01-02,45
toastal,2019-04-02,44
naesk,2019-01-02,12
nitemice,2019-02-05,24
nitemice,2019-02-23,22
nitemice,2019-02-25,22
puigmald,2019-04-13,24
puigmald,2019-04-14,9
puigmald,2019-01-14,1
swfloridadude,2019-01-25,73
swfloridadude,2019-01-27,67
swfloridadude,2019-01-11,64
uncoolusername532252,2019-03-17,53
uncoolusername532252,2019-03-16,49
uncoolusername532252,2019-03-11,48
Dazzel,2019-04-02,64
Dazzel,2019-01-11,61
Dazzel,2019-01-23,56
Groschi,2019-02-05,540
Groschi,2019-02-16,535
Groschi,2019-02-03,532
Shunpike,2019-02-06,156
Shunpike,2019-04-06,121
Shunpike,2019-02-16,117
Tinymeat,2019-01-02,76
Tinymeat,2019-01-26,60
Tinymeat,2019-04-10,52
[kol],2019-01-11,35
[kol],2019-01-15,34
[kol],2019-01-04,33
aka_caim,2019-01-19,219
aka_caim,2019-01-09,158
aka_caim,2019-01-08,139
boozerok,2019-04-12,19
boozerok,2019-04-13,5
drpfenderson,2019-03-13,164
drpfenderson,2019-02-05,146
drpfenderson,2019-01-28,138
gvroon,2019-02-26,6
j-ha,2019-04-03,50
j-ha,2019-03-02,50
j-ha,2019-04-08,40
papabean,2019-01-06,47
papabean,2019-01-07,27
papabean,2019-01-01,18
roman_rem,2019-03-27,74
roman_rem,2019-03-12,51
roman_rem,2019-03-20,43
slideyfoot,2019-02-18,138
slideyfoot,2019-04-05,120
slideyfoot,2019-02-16,114
ukko12,2019-01-25,127
ukko12,2019-01-01,124
ukko12,2019-01-15,98
untotooku,2019-03-19,1
vitalikdobriy,2019-03-09,58
vitalikdobriy,2019-04-01,45
vitalikdobriy,2019-03-05,44
welldread,2019-03-13,208
welldread,2019-03-09,187
welldread,2019-03-11,155
bonedriven,2019-03-21,119
bonedriven,2019-03-26,74
bonedriven,2019-04-14,70
hds,2019-04-01,1279
hds,2019-03-09,1264
hds,2019-03-04,1260
paxactor,2019-02-21,9
paxactor,2019-03-25,2
pbm367,2019-01-27,32
pbm367,2019-03-28,26
pbm367,2019-03-29,22
Cl�psHydra,2019-01-22,218
Cl�psHydra,2019-02-07,217
Cl�psHydra,2019-02-06,215
Cooked_Bread,2019-02-15,107
Cooked_Bread,2019-02-18,71
Cooked_Bread,2019-02-14,56
Jaklie,2019-04-10,68
Jaklie,2019-02-09,47
Jaklie,2019-04-01,38
Silentix,2019-04-12,118
Silentix,2019-02-16,98
Silentix,2019-01-31,97
stormruben,2019-01-05,96
stormruben,2019-01-29,51
stormruben,2019-01-17,51
verfyjd,2019-04-14,17
verfyjd,2019-04-13,13
verfyjd,2019-03-16,12
phamosus,2019-03-27,46
phamosus,2019-03-01,25
phamosus,2019-03-14,25
plaxxx,2019-02-21,139
plaxxx,2019-02-22,127
plaxxx,2019-02-19,112
smreker,2019-04-13,29
themono,2019-01-04,29
themono,2019-01-19,26
themono,2019-01-17,22
†AtzzkiySotona†,2019-01-09,39
†AtzzkiySotona†,2019-03-21,37
†AtzzkiySotona†,2019-03-19,35
Arcor,2019-03-02,133
Arcor,2019-03-01,111
Arcor,2019-03-16,86
BiamBioum,2019-04-12,34
BiamBioum,2019-03-14,28
BiamBioum,2019-02-12,27
Leonivek,2019-03-14,25
Leonivek,2019-02-08,18
Leonivek,2019-01-09,17
anoubis,2019-02-24,68
anoubis,2019-01-03,65
anoubis,2019-02-17,59
davenportm,2019-02-19,97
davenportm,2019-02-13,95
davenportm,2019-01-11,90
jaycedk,2019-02-28,104
jaycedk,2019-03-29,28
kingkool68,2019-01-18,117
kingkool68,2019-03-14,114
kingkool68,2019-01-28,113
thesebas,2019-01-20,15
thesebas,2019-01-21,14
thesebas,2019-01-18,13
AllSparks,2019-01-31,114
AllSparks,2019-01-23,81
AllSparks,2019-01-11,72
Canis_L_Sapien,2019-01-07,50
Canis_L_Sapien,2019-03-25,35
Canis_L_Sapien,2019-01-08,32
DJ.Xcite,2019-01-26,17
DJ.Xcite,2019-01-04,17
DJ.Xcite,2019-03-23,13
Luis2oh9,2019-04-14,130
Luis2oh9,2019-04-13,70
NichoBI,2019-01-29,95
NichoBI,2019-04-07,88
NichoBI,2019-03-03,83
PPV,2019-02-15,171
PPV,2019-01-14,139
PPV,2019-01-16,100
TyberZ52,2019-02-11,114
TyberZ52,2019-01-24,109
TyberZ52,2019-02-13,99
demize,2019-03-13,51
demize,2019-03-08,42
demize,2019-03-11,41
gifflen,2019-02-20,11
jd_,2019-02-09,91
jd_,2019-01-08,90
jd_,2019-02-06,71
BornabeWylde,2019-04-14,2
CraxorAdam,2019-03-29,20
CraxorAdam,2019-03-22,17
CraxorAdam,2019-03-23,15
JVTV,2019-04-12,31
JVTV,2019-03-13,27
JVTV,2019-03-06,24
JuicyP,2019-02-19,76
JuicyP,2019-02-18,33
JuicyP,2019-02-17,4
Starjames77,2019-03-28,87
Starjames77,2019-03-26,67
Starjames77,2019-03-30,56
calvariometal,2019-02-26,20
calvariometal,2019-02-24,6
calvariometal,2019-02-25,2
dgdr.au,2019-03-28,155
dgdr.au,2019-04-01,142
dgdr.au,2019-03-25,115
drakesteele,2019-02-21,18
drakesteele,2019-02-18,14
drakesteele,2019-02-19,4
johnatanmoran,2019-03-22,110
johnatanmoran,2019-03-10,57
johnatanmoran,2019-04-02,22
kirijin,2019-03-25,34
kirijin,2019-03-29,26
kirijin,2019-04-05,22
minkolazer,2019-01-18,93
minkolazer,2019-01-15,80
minkolazer,2019-01-03,68
nicholasbird,2019-03-09,24
nicholasbird,2019-02-18,8
nicholasbird,2019-03-10,8
phdnk,2019-01-18,382
phdnk,2019-01-12,378
phdnk,2019-01-25,372
toby3d,2019-04-01,123
toby3d,2019-02-20,77
toby3d,2019-03-22,70
tozapid,2019-03-13,8
tozapid,2019-02-18,5
chacawaca,2019-03-14,163
chacawaca,2019-03-18,113
chacawaca,2019-04-01,113
chime95,2019-03-11,141
chime95,2019-03-07,128
chime95,2019-03-12,102
Adsky_traktor,2019-01-03,109
Adsky_traktor,2019-01-05,99
Adsky_traktor,2019-01-04,86
Bezvezenator,2019-01-16,92
Bezvezenator,2019-01-20,89
Bezvezenator,2019-01-17,75
Matt0721,2019-03-05,27
Matt0721,2019-02-27,24
Matt0721,2019-03-13,22
Mexikola,2019-04-06,99
Mexikola,2019-03-07,46
Mexikola,2019-03-06,45
Paszt,2019-03-16,48
Paszt,2019-01-25,36
Paszt,2019-03-09,35
SchallundRauch,2019-04-14,12
SchallundRauch,2019-04-13,1
Somasis,2019-02-10,107
Somasis,2019-04-14,68
Somasis,2019-03-25,58
TheBrightLord,2019-02-26,92
TheBrightLord,2019-03-22,76
TheBrightLord,2019-03-28,47
amit94302,2019-01-12,114
amit94302,2019-01-01,69
amit94302,2019-02-18,61
bemeurer,2019-03-27,66
bemeurer,2019-02-15,64
bemeurer,2019-01-16,58
gobinathm,2019-02-14,59
gobinathm,2019-02-08,35
gobinathm,2019-02-27,26
gondoi,2019-01-15,245
gondoi,2019-01-14,47
gondoi,2019-02-08,46
isuguitar12,2019-03-06,87
isuguitar12,2019-02-04,42
isuguitar12,2019-01-11,42
kemuel,2019-03-19,44
